owner,status,price,link,bed,bath,Sqft,acre
BKNY TROY AVENUE REALTY CORP,Sale,"$499,000",https://www.realtor.com/realestateandhomes-detail/418-Central-Park-W_New-York_NY_10025_M96410-95322?from=srp-list-card,2,2,,
Serhant,Sale,"$250,000,000",https://www.realtor.com/realestateandhomes-detail/217W-Central-Park-S_New-York_NY_10019_M94615-08878?from=srp-list-card,7,9.5,"17,545",
"Howard Hanna - Chautauqua - Holt Real Estate, Inc.",Sale,"$35,000",https://www.realtor.com/realestateandhomes-detail/5-Munson-Rd_Kennedy_NY_14747_M96530-81088?from=srp-list-card,,,,149
Brzostek's Real Estate,Sale,"$177,158",https://www.realtor.com/realestateandhomes-detail/30-Van-Ness-Rd-S_Baldwinsville_NY_13027_M48242-06686?from=srp-list-card,3,2,"2,600",0.25
Yaman Real Estate,Sale,"$88,000",https://www.realtor.com/realestateandhomes-detail/79-12-Hamlin-St_Cortland_NY_13045_M90070-52634?from=srp-list-card,2,1,913,"5,367"
SELECT SOTHEBY'S INTERNATIONAL REALTY,Sale,"$495,000",https://www.realtor.com/realestateandhomes-detail/193-Island-Ave_Wellesley-Island_NY_13692_M99898-46621?from=srp-list-card,4,2,"1,320",436
Door to Door Realty,Sale,"$169,000",https://www.realtor.com/realestateandhomes-detail/18692-Tubolino_Clayton_NY_13624_M91628-87336?from=srp-list-card,2,2,"1,752",15.03
COMPASS,Sale,"$69,000",https://www.realtor.com/realestateandhomes-detail/2-E-55th-St-908W33_New-York_NY_10022_M97957-81909?from=srp-list-card,Studio,1,445,
Coldwell Banker Realty,Sale,"$300,000",https://www.realtor.com/realestateandhomes-detail/12-Summit-Ln_Carmel-Hamlet_NY_10512_M92168-56473?from=srp-list-card,3,2,"1,233",0.75
The Z Group,Sale,"$325,000",https://www.realtor.com/realestateandhomes-detail/14-Old-State-Rd_Ausable-Chasm_NY_12911_M49586-02379?from=srp-list-card,3,2.5,"2,864",1.7
eXp REALTY,,"$299,000",https://www.realtor.com/realestateandhomes-detail/1223-Foxboro-Ln_Endicott_NY_13760_M48326-63089?from=srp-list-card,4,3,"3,150",0.55
Howd Manor Estates,Sale,"$439,900",https://www.realtor.com/realestateandhomes-detail/5121-Stone-Bridge-Rd_Morrisville_NY_13408_M93549-07554?from=srp-list-card,4,2,"2,580",15.58
Hunt Real Estate ERA/Columbus,Sale,"$250,000",https://www.realtor.com/realestateandhomes-detail/6533-Bonnie-Castle-Rd_Wolcott_NY_14590_M46963-85051?from=srp-list-card,3,1,"1,040",0.34
Cross Keys Real Estate LLC,,"$129,000",https://www.realtor.com/realestateandhomes-detail/3224-County-Route-6_Hammond_NY_13646_M97633-31547?from=srp-list-card,4,1,"1,173",0.4
Howard Hanna - Hornell,Sale,"$329,000",https://www.realtor.com/realestateandhomes-detail/4249-Turnpike-Rd_Canisteo_NY_14823_M45003-77537?from=srp-list-card,4,2.5,"2,016",4.15
Landquest Inc.,Sale,"$84,900",https://www.realtor.com/realestateandhomes-detail/275-Shawmut-Route-417-Unit-13_Little-Genesee_NY_14754_M95635-26013?from=srp-list-card,1,1,520,1.6
Howard Hanna Endwell,Sale,"$135,000",https://www.realtor.com/realestateandhomes-detail/1-Dutchess-Rd_Binghamton_NY_13901_M46930-38975?from=srp-list-card,3,1,"1,025",0.26
Hage Real Estate,Sale,"$10,000",https://www.realtor.com/realestateandhomes-detail/2177-Clute-Rd-202AIRD_Cortland_NY_13045_M92457-79923?from=srp-list-card,1,1,561,5.17
Keller Williams Realty NY,Sale,"$409,900",https://www.realtor.com/realestateandhomes-detail/9400-Wehrle-Dr_Clarence_NY_14031_M43114-64064?from=srp-list-card,4,4,"2,349",2.78
CENTURY 21 Galloway Realty,Sale,"$109,900",https://www.realtor.com/realestateandhomes-detail/123-E-Cayuga-St_Oswego_NY_13126_M49181-70604?from=srp-list-card,2,1,984,"1,886"
HusVar Real Estate,Sale,"$209,900",https://www.realtor.com/realestateandhomes-detail/197-East-Ave_West-Seneca_NY_14224_M91396-32654?from=srp-list-card,3,2,"1,144",0.43
Keller Williams Realty Greater Rochester,Sale,"$399,900",https://www.realtor.com/realestateandhomes-detail/996-Willits-Rd_Ontario_NY_14519_M99040-64531?from=srp-list-card,3,1.5,"2,012",31.22
MIUCCIO REAL ESTATE GROUP,Sale,"$189,000",https://www.realtor.com/realestateandhomes-detail/23-Beldale-Rd_Slingerlands_NY_12159_M94158-65353?from=srp-list-card,3,1.5,"1,558",0.44
"Bryce Real Estate, Inc.",Sale,"$115,000",https://www.realtor.com/realestateandhomes-detail/174-Route-22_Ticonderoga_NY_12883_M95557-75355?from=srp-list-card,3,,600,0.3
Howard Hanna Amherst/Clarence,Sale,"$299,900",https://www.realtor.com/realestateandhomes-detail/110-Amherston-Dr_Williamsville_NY_14221_M48010-98133?from=srp-list-card,3,1.5,"2,035",0.64
"INMO Realty Company, LLC",Sale,"$349,950",https://www.realtor.com/realestateandhomes-detail/2781-Galway-Rd_Ballston-Spa_NY_12020_M49972-69537?from=srp-list-card,3,1.5,"2,072",1.6
Frances A. Cook,Sale,"$134,900",https://www.realtor.com/realestateandhomes-detail/1418-Hawleyton-Rd_Binghamton_NY_13903_M43234-35358?from=srp-list-card,3,1,"1,612",1.2
St. Lawrence River Real Estate Co LLC,Sale,"$299,000",https://www.realtor.com/realestateandhomes-detail/271-River-Rd-E_Ogdensburg_NY_13669_M96661-68615?from=srp-list-card,2,1,700,0.34
Warren Real Estate,Sale,"$319,000",https://www.realtor.com/realestateandhomes-detail/2102-Houghton-Rd_Ithaca_NY_14850_M48885-97679?from=srp-list-card,3,1.5,"1,923",5.95
Berkshire Hathaway Hs Discover,Sale,"$134,900",https://www.realtor.com/realestateandhomes-detail/477-Gallup-Rd_Spencerport_NY_14559_M41324-89498?from=srp-list-card,2,1,988,0.46
Howard Hanna East Corning - Market,Sale,"$114,900",https://www.realtor.com/realestateandhomes-detail/9645-Grove-Springs-Rd_Hammondsport_NY_14840_M96659-51216?from=srp-list-card,3,1,"1,484",4
Hunt Real Estate Era,Sale,"$109,900",https://www.realtor.com/realestateandhomes-detail/11577-Center-Rd_Dunkirk_NY_14048_M90217-27635?from=srp-list-card,3,1.5,"1,788",4
ERA Team VP Real Estate-Arcade,,"$169,900",https://www.realtor.com/realestateandhomes-detail/4950-Block-Rd_Springville_NY_14141_M48759-06104?from=srp-list-card,3,1.5,"1,553",2.55
Kavanaugh Realty-Plattsburgh,Sale,"$199,900",https://www.realtor.com/realestateandhomes-detail/8-S-Acres-Rd_Plattsburgh_NY_12901_M47560-99247?from=srp-list-card,2,2,"1,440","8,712"
Cornerstone Properties,Sale,"$65,000",https://www.realtor.com/realestateandhomes-detail/1249-Patria-Rd_Richmondville_NY_12071_M93270-66848?from=srp-list-card,3,1.5,"1,680",13.14
RE/MAX Plus,Sale,"$215,000",https://www.realtor.com/realestateandhomes-detail/1-Buttonwood-Cir_Fairport_NY_14450_M40035-62636?from=srp-list-card,4,2,"1,743",0.39
Plush Properties Inc,Sale,"$654,888",https://www.realtor.com/realestateandhomes-detail/31-Fairfax-Rd_Montauk_NY_11954_M49571-29103?from=srp-list-card,2,1,"1,000",0.58
REAL ESTATE ADVANTAGE,Sale,"$149,900",https://www.realtor.com/realestateandhomes-detail/6335-Wooglin-Rd_Dewittville_NY_14728_M93549-58242?from=srp-list-card,2,1,864,0.78
Howard Hanna East Corning - Market,Sale,"$166,888",https://www.realtor.com/realestateandhomes-detail/267-E-1st-St_Corning_NY_14830_M43207-29802?from=srp-list-card,5,1.5,"1,656","4,792"
Premier Listings Real Estate Llc,Sale,"$349,900",https://www.realtor.com/realestateandhomes-detail/4113-Chaut-Stedman-Rd_Chautauqua_NY_14757_M96138-99255?from=srp-list-card,2,2,"2,329",28.4
Keller Williams Realty Greater Rochester,Sale,"$195,900",https://www.realtor.com/realestateandhomes-detail/1094-Route-21-S_Palmyra_NY_14522_M95647-34132?from=srp-list-card,3,1.5,"1,940",0.53
Warren Real Estate,Sale,"$419,900",https://www.realtor.com/realestateandhomes-detail/99-Briarcliff-Dr_Horseheads_NY_14845_M95678-65621?from=srp-list-card,3,2.5,"2,016",0.29
Coldwell Banker Sexton Real Estate,Sale,"$449,500",https://www.realtor.com/realestateandhomes-detail/65-Kirkland-Ave_Clinton_NY_13323_M48416-44578?from=srp-list-card,5,2.5+,"3,656",0.84
Tru Agent Real Estate,Sale,"$399,900",https://www.realtor.com/realestateandhomes-detail/560-Fox-Hunt-Dr_Victor_NY_14564_M44063-41747?from=srp-list-card,4,3.5,"2,620",0.62
CENTURY 21 Winklhofer,Sale,"$339,000",https://www.realtor.com/realestateandhomes-detail/4037-Lewiston-Rd_Niagara-Falls_NY_14305_M48305-17439?from=srp-list-card,5,2.5,"2,364",0.3
Yaman Real Estate,Sale,"$725,000",https://www.realtor.com/realestateandhomes-detail/4437-Raphael-Dr_Cortland_NY_13045_M48319-45314?from=srp-list-card,5,4.5,"3,840",1.46
Sotheby's International Realty,Sale,"$8,250,000",https://www.realtor.com/realestateandhomes-detail/5722-Clay-Point-Rd_Fishers-Island_NY_06390_M95831-19715?from=srp-list-card,1,2.5,"4,744",3.15
Warren Real Estate Of Ithaca,Sale,"$370,000",https://www.realtor.com/realestateandhomes-detail/1756-State-Route-414_Watkins-Glen_NY_14891_M97403-68604?from=srp-list-card,4,3,"1,999",3.71
"Brainard Ridge Management, Inc",Sale,"$532,000",https://www.realtor.com/realestateandhomes-detail/68-Cambridge-Heights-Rd_Windham_NY_12496_M47728-60209?from=srp-list-card,5,3,"2,000",1.6
Howard Hanna - Ontario,Sale,"$100,000",https://www.realtor.com/realestateandhomes-detail/5787-S-Geneva-Rd_Sodus_NY_14551_M44341-46847?from=srp-list-card,4,1,"2,256",1.1
Mitchell Realty Group Llc,Sale,"$149,900",https://www.realtor.com/realestateandhomes-detail/9439-County-Route-9_Cohocton_NY_14826_M48655-20614?from=srp-list-card,4,2.5,"2,128",12
"Fiacco Realty, LLC",Sale,"$69,000",https://www.realtor.com/realestateandhomes-detail/78-Indian-Lake-Rd_Owls-Head_NY_12969_M92932-55242?from=srp-list-card,2,1,"1,200",1.5
Howard Hanna Hamburg,Sale,"$352,000",https://www.realtor.com/realestateandhomes-detail/8403-Sonnybrook-Dr_Eden_NY_14057_M49492-70669?from=srp-list-card,3,2.5,"1,674",0.41
Lake Ontario Realty LLC,Sale,"$74,999",https://www.realtor.com/realestateandhomes-detail/2892-Ontario-Shores-Dr-15E_Cape-Vincent_NY_13618_M95270-47434?from=srp-list-card,,,,1
Douglas Elliman - Greenport,Sale,"$1,150,000",https://www.realtor.com/realestateandhomes-detail/107-Eileen-Cir_Jamesport_NY_11947_M94128-80078?from=srp-list-card,4,3,"2,500",0.58
"Real Broker, Llc",Sale,"$140,000",https://www.realtor.com/realestateandhomes-detail/6625-Park-Pl_Hudson_NY_12534_M97740-58510?from=srp-list-card,2,1.5,"1,257",0.83
HUNT Real Estate ERA - West Seneca,Sale,"$529,900",https://www.realtor.com/realestateandhomes-detail/7400-Chestnut-Ridge-Rd_Orchard-Park_NY_14127_M44424-39695?from=srp-list-card,3,2,"1,858",1.2
Brockway-Carpenter Real Estate LLC,Sale,"$245,000",https://www.realtor.com/realestateandhomes-detail/1042-State-Highway-166_Cooperstown_NY_13326_M41883-61357?from=srp-list-card,4,3.5,"2,582",1.32
Realmart Realty LLC.,Sale,"$124,500",https://www.realtor.com/realestateandhomes-detail/25-Wagoner-Park-Rd_Alexandria-Bay_NY_13607_M90874-71581?from=srp-list-card,2,2,"1,200","3,000"
EXIT REALTY HOMEWARD BOUND,Sale,"$179,900",https://www.realtor.com/realestateandhomes-detail/1601-Main-St_Apalachin_NY_13732_M42163-08276?from=srp-list-card,4,1.5,"2,250",0.28
Erealty Advisors Inc,Sale,"$599,888",https://www.realtor.com/realestateandhomes-detail/18-Oak-Beach-Rd_Oak-Beach_NY_11702_M99697-13009?from=srp-list-card,3,1,,0.24
Howard Hanna Cooperstown,Sale,"$70,000",https://www.realtor.com/realestateandhomes-detail/4902-State-Highway-28_Cooperstown_NY_13326_M49249-51567?from=srp-list-card,5,3,"2,085","9,148"
Signature Real Estate Services,Sale,"$224,900",https://www.realtor.com/realestateandhomes-detail/80-Pacecrest-Ct_West-Seneca_NY_14224_M46943-03388?from=srp-list-card,3,1,"1,360","9,662"
Howard Hanna Watertown,Sale,"$199,500",https://www.realtor.com/realestateandhomes-detail/Sears-Pond-Rd_Lowville_NY_13367_M96968-84706?from=srp-list-card,2,1,"1,560",14.3
Howard Hanna Camillus,Sale,"$469,000",https://www.realtor.com/realestateandhomes-detail/16291-Ontario-Shore-Dr_Sterling_NY_13156_M96177-01407?from=srp-list-card,3,2,"1,560",1.32
Field Realty,Sale,"$150,000",https://www.realtor.com/realestateandhomes-detail/6-Mallard-Way_Wynantskill_NY_12198_M96541-85707?from=srp-list-card,3,2,,
HUNT Real Estate ERA - Lockport,Sale,"$95,000",https://www.realtor.com/realestateandhomes-detail/128-Pound-St_Lockport_NY_14094_M48090-63629?from=srp-list-card,3,1.5,"1,355","4,792"
Howard Hanna Endwell,Sale,"$189,900",https://www.realtor.com/realestateandhomes-detail/3499-Bailey-Hollow-Rd_Newark-Valley_NY_13811_M94144-39700?from=srp-list-card,3,2,"2,200",18.57
Keller Williams Realty,Sale,"$315,000",https://www.realtor.com/realestateandhomes-detail/202-Holly-Stream-Ct_Brewster_NY_10509_M49342-20119?from=srp-list-card,2,1,"1,045",436
CENTURY 21 Shutters & Sails,Sale,"$2,700,000",https://www.realtor.com/realestateandhomes-detail/2428-Isabella-Beach-Rd_Fishers-Island_NY_06390_M92031-96538?from=srp-list-card,3,3.5,"2,420",8.87
Tru Agent Real Estate,Sale,"$329,900",https://www.realtor.com/realestateandhomes-detail/5328-Purcell-Rd_Hemlock_NY_14466_M30269-54257?from=srp-list-card,4,2.5,"2,552",3.8
Howard Hanna | Rand Realty,Sale,"$375,000",https://www.realtor.com/realestateandhomes-detail/62-Crystal-Hill-Dr_Pomona_NY_10970_M47809-86752?from=srp-list-card,2,2.5,"2,019","4,792"
Keller Williams Capital Dist,Sale,"$385,000",https://www.realtor.com/realestateandhomes-detail/14-Arbor-Ln_Clifton-Park_NY_12065_M43264-96576?from=srp-list-card,3,2,"1,668",0.5
Coldwell Banker Prime Properties,Sale,"$229,900",https://www.realtor.com/realestateandhomes-detail/1102-Austin-Pl_Schenectady_NY_12306_M46007-82350?from=srp-list-card,3,2,"1,640","5,227"
"Crystin & Co Realty, LLC",Sale,"$300,000",https://www.realtor.com/realestateandhomes-detail/87-Haswell-Rd_Watervliet_NY_12189_M45784-68946?from=srp-list-card,3,2,"2,192",0.49
CENTURY 21 Sbarra,Sale,"$3,200,000",https://www.realtor.com/realestateandhomes-detail/6637-E-Bluff-Dr_Penn-Yan_NY_14527_M44277-67766?from=srp-list-card,5,4.5,"5,397",0.39
Keller Williams Capital Distri,Sale,"$289,000",https://www.realtor.com/realestateandhomes-detail/64-Pepperbush-Pl_Malta_NY_12020_M45626-28108?from=srp-list-card,3,2,"1,184","7,405"
Venture Realty Partners,Sale,"$575,000",https://www.realtor.com/realestateandhomes-detail/2031-NY-74_Ticonderoga_NY_12883_M96619-59683?from=srp-list-card,4,2,"1,480",2.2
Berkshire Hathaway HS Zambito,Sale,"$78,900",https://www.realtor.com/realestateandhomes-detail/177-Bush-Gdns_Alden_NY_14004_M95271-41064?from=srp-list-card,3,2,"1,560",
Keller Williams Realty Greater Rochester,Sale,"$349,900",https://www.realtor.com/realestateandhomes-detail/1459-Grand-Meadows-Way_Webster_NY_14580_M39942-82589?from=srp-list-card,3,2,"1,594",0.24
Coldwell Banker Timberland Properties,Sale,"$49,000",https://www.realtor.com/realestateandhomes-detail/Frerer-Rd_Bainbridge_NY_13733_M91159-52288?from=srp-list-card,,,,4.69
CENTURY 21 Galloway Realty,,"$249,900",https://www.realtor.com/realestateandhomes-detail/13-Burton-Dr_Oswego_NY_13126_M97634-94252?from=srp-list-card,2,2,"1,300",0.31
Engel & Völkers Lake Placid,Sale,"$595,000",https://www.realtor.com/realestateandhomes-detail/1353-County-Route-8_Westport_NY_12993_M91404-56006?from=srp-list-card,4,2.5,"3,793",61.19
Howard Hanna Ithaca (Hancock St),Sale,"$199,000",https://www.realtor.com/realestateandhomes-detail/0-0-Welch-Rd_Richford_NY_13835_M95754-56340?from=srp-list-card,1,1,540,9
Howard Hanna The Rohr Agency,Sale,"$349,900",https://www.realtor.com/realestateandhomes-detail/4711-Pine-Hill-Rd_Naples_NY_14512_M98644-83403?from=srp-list-card,5,3,"3,670",5
Berkshire Hathaway HomeServices Hudson Valley Properties,Sale,"$725,000",https://www.realtor.com/realestateandhomes-detail/1046-Route-343_Millbrook_NY_12545_M95685-79705?from=srp-list-card,3,2.5,"3,060",4
Coldwell Banker Prime Prop.,Sale,"$275,000",https://www.realtor.com/realestateandhomes-detail/1069-Van-Antwerp-Rd_Niskayuna_NY_12309_M35657-15723?from=srp-list-card,4,1.5,"1,436","8,712"
Sterling Real Estate Group,Sale,"$249,900",https://www.realtor.com/realestateandhomes-detail/297-Fort-Edward-Rd_South-Glens-Falls_NY_12803_M94897-79973?from=srp-list-card,3,1,"1,274",1.81
Keller Williams Hudson Valley United,Sale,"$299,000",https://www.realtor.com/realestateandhomes-detail/1751-State-Route-209_Westbrookville_NY_12785_M95055-31034?from=srp-list-card,3,3,"3,689",0.82
Kirnan Real Estate,Sale,"$285,000",https://www.realtor.com/realestateandhomes-detail/8669-Bayview-Dr_Cicero_NY_13039_M36188-08869?from=srp-list-card,3,1.5,"1,620",0.3
"eXp Realty, LLC",Sale,"$375,000",https://www.realtor.com/realestateandhomes-detail/12461-Kern-Rd_Springville_NY_14141_M47715-70572?from=srp-list-card,3,2,"1,788",8.8
GRIST MILL REAL ESTATE,Sale,"$190,000",https://www.realtor.com/realestateandhomes-detail/18-Village-Dr_Saugerties_NY_12477_M47126-97356?from=srp-list-card,3,1,"1,408","7,841"
Douglas Elliman - Sayville,Sale,"$625,000",https://www.realtor.com/realestateandhomes-detail/242-Oakwood-Rd_Oakdale_NY_11769_M49153-43864?from=srp-list-card,3,2,,1
WHITETAIL PROPERTIES REAL ESTATE LLC,Sale,"$209,000",https://www.realtor.com/realestateandhomes-detail/46012-Butterfield-Lk_Redwood_NY_13679_M90154-46536?from=srp-list-card,2,1,800,29
Howard Hanna - Canandaigua - North,Sale,"$399,900",https://www.realtor.com/realestateandhomes-detail/7571-Trotwood-Ln_Victor_NY_14564_M46612-78059?from=srp-list-card,3,2.5,"1,874",1.9
Coldwell Banker Timberland Pro,Sale,"$644,900",https://www.realtor.com/realestateandhomes-detail/277-Money-Point-Rd_Downsville_NY_13755_M96564-26385?from=srp-list-card,4,3,"2,900",27.13
Keller Williams Realty Gateway,Sale,"$3,250,000",https://www.realtor.com/realestateandhomes-detail/4056-County-Road-16_Canandaigua_NY_14424_M48259-35440?from=srp-list-card,8,7.5,"1,679",7.34
David R Maltz And Co Inc,Sale,"$330,000",https://www.realtor.com/realestateandhomes-detail/2719-W-Alder-Rd_Bellmore_NY_11710_M48538-24122?from=srp-list-card,3,1,"1,811","6,250"
River Hills Properties Llc Barn,Sale,"$119,900",https://www.realtor.com/realestateandhomes-detail/411-Hager-Ave_Rome_NY_13440_M41825-16657?from=srp-list-card,3,2,"1,345",0.26
WARREN REAL ESTATE OF GREATER BINGH,Sale,"$259,900",https://www.realtor.com/realestateandhomes-detail/21-Charmel-Dr_Binghamton_NY_13901_M46347-17775?from=srp-list-card,3,2,"1,900",0.55
Keller Williams Realty Greater Nassau,Sale,"$475,000",https://www.realtor.com/realestateandhomes-detail/31-Mirin-Ave_Roosevelt_NY_11575_M44844-54249?from=srp-list-card,3,1,,"5,700"
Howard Hanna - Hornell,Sale,"$239,000",https://www.realtor.com/realestateandhomes-detail/74-S-Main-St_Alfred_NY_14802_M49814-82445?from=srp-list-card,5,2,"2,887",2.62
"Relo Redac, Inc.",Sale,"$899,900",https://www.realtor.com/realestateandhomes-detail/39-Park-Ave_Eastchester_NY_10709_M48460-43883?from=srp-list-card,3,1.5,"1,800","6,098"
RE/MAX CLASSIC REALTY,Sale,"$1,248,000",https://www.realtor.com/realestateandhomes-detail/43-Agnew-Farm-Rd_Armonk_NY_10504_M47486-14968?from=srp-list-card,3,3.5,"2,577","6,098"
Winkler Real Estate Inc,Sale,"$825,000",https://www.realtor.com/realestateandhomes-detail/33-Admirals-Dr-E_Bay-Shore_NY_11706_M44106-61538?from=srp-list-card,2,2.5,"2,213","4,356"
"River Realty Services, Inc.",Sale,"$75,000",https://www.realtor.com/realestateandhomes-detail/4741-Route-52_Jeffersonville_NY_12748_M96000-42439?from=srp-list-card,3,1.5,"1,332",1.5
Home Management A Inc,Sale,"$299,995",https://www.realtor.com/realestateandhomes-detail/427-State-Route-97_Sparrow-Bush_NY_12780_M33660-77727?from=srp-list-card,Studio,,,
Magic Of Great Neck Realty Inc,Sale,"$789,000",https://www.realtor.com/realestateandhomes-detail/26910-Grand-Central-Pkwy-Apt-12O_Floral-Park_NY_11005_M91537-44546?from=srp-list-card,2,2.5,"1,700",
RE MAX 1st Choice,Sale,"$1,050,000",https://www.realtor.com/realestateandhomes-detail/5339-199th-St_Fresh-Meadows_NY_11365_M41703-52032?from=srp-list-card,3,1.5,"1,386","4,000"
Howard Hanna - Penfield,Sale,"$550,000",https://www.realtor.com/realestateandhomes-detail/11-High-St_Fairport_NY_14450_M97731-26414?from=srp-list-card,7,5,"4,440",0.5
Exp Realty,Sale,"$639,000",https://www.realtor.com/realestateandhomes-detail/100-Baker-Ct-Unit-104_Island-Park_NY_11558_M97834-35620?from=srp-list-card,2,2.5,"1,524",12.72
RE MAX Real Estate Professionals,Sale,"$1,918,000",https://www.realtor.com/realestateandhomes-detail/2061-73rd-St_Brooklyn_NY_11204_M46468-98602?from=srp-list-card,,5.5,"3,350","2,800"
Engel & Völkers Long Beach NY,Sale,"$2,100,000",https://www.realtor.com/realestateandhomes-detail/260-W-Broadway-Apt-3A_Long-Beach_NY_11561_M49939-49476?from=srp-list-card,3,2,"1,794",
Warren Real Estate,Sale,"$540,000",https://www.realtor.com/realestateandhomes-detail/3707-W-Bates-Rd_Trumansburg_NY_14886_M94565-35556?from=srp-list-card,4,2,"2,304",40.03
Red Door Realty & Associates,,"$208,000",https://www.realtor.com/realestateandhomes-detail/56-Haymeadow-Rd_Tupper-Lake_NY_12986_M47666-49575?from=srp-list-card,3,2,"1,666",1.06
Grasse River Real Estate,Sale,"$89,000",https://www.realtor.com/realestateandhomes-detail/40-County-Route-21-Ext_Canton_NY_13617_M48790-70896?from=srp-list-card,3,2,"2,608","8,712"
Howard Hanna Grand Island,Sale,"$300,000",https://www.realtor.com/realestateandhomes-detail/2305-Lockport-Rd_Sanborn_NY_14132_M48286-43593?from=srp-list-card,5,2.5,"2,338",0.78
Hedgerow Exclusive Properties,Sale,"$59,500,000",https://www.realtor.com/realestateandhomes-detail/70-Cobb-Rd_Water-Mill_NY_11976_M96278-46575?from=srp-list-card,11,14.5+,"28,000",12.2
General Real Estate,Sale,"$49,995",https://www.realtor.com/realestateandhomes-detail/20-Malby-Ave_Massena_NY_13662_M48164-15474?from=srp-list-card,2,1,600,"4,792"
C Hamilton Properties Llc,Sale,"$65,000",https://www.realtor.com/realestateandhomes-detail/809-2nd-St_Utica_NY_13501_M48364-38596?from=srp-list-card,6,2,"1,948","6,499"
Realty Central,Sale,"$1,599,000",https://www.realtor.com/realestateandhomes-detail/6510-Fresh-Pond-Rd_Ridgewood_NY_11385_M95807-48378?from=srp-list-card,2,2.5+,,"1,803"
Assist2sell Buyers & Sellers 1St Choice,Sale,"$25,000",https://www.realtor.com/realestateandhomes-detail/137-139-Church-St_Little-Falls_NY_13365_M94958-45134?from=srp-list-card,9,3,"2,792",
Novus Realty Group,Sale,"$800,000",https://www.realtor.com/realestateandhomes-detail/3-Beach-220th-St_Breezy-Point_NY_11697_M96516-14667?from=srp-list-card,3,1,,
Nexthome All Island,Sale,"$999,999",https://www.realtor.com/realestateandhomes-detail/4018-190th-St_Flushing_NY_11358_M48755-67653?from=srp-list-card,Studio,,,"5,000"
Daniel Gale Sotheby's International Realty,Sale,"$879,000",https://www.realtor.com/realestateandhomes-detail/109-Pine-St_Rockville-Centre_NY_11570_M44619-33024?from=srp-list-card,4,2,,"5,000"
Horning Auctions Company Llc,Sale,"$316,000",https://www.realtor.com/realestateandhomes-detail/1072-State-Route-14_Penn-Yan_NY_14527_M97015-61808?from=srp-list-card,3,1,"1,662",28.71
Hedgerow Exclusive Properties,Sale,"$59,500,000",https://www.realtor.com/realestateandhomes-detail/70-Cobb-Rd_Water-Mill_NY_11976_M96278-46575?from=srp-list-card,11,14.5+,"28,000",12.2
Keller Williams Realty Hudson Valley North,Sale,"$1,600,000",https://www.realtor.com/realestateandhomes-detail/6964-River-Rd_Downsville_NY_13755_M90647-58321?from=srp-list-card,Studio,,"4,230",1.85
Realty Central,Sale,"$1,599,000",https://www.realtor.com/realestateandhomes-detail/6510-Fresh-Pond-Rd_Ridgewood_NY_11385_M95807-48378?from=srp-list-card,2,2.5+,,"1,803"
Assist2sell Buyers & Sellers 1St Choice,Sale,"$25,000",https://www.realtor.com/realestateandhomes-detail/137-139-Church-St_Little-Falls_NY_13365_M94958-45134?from=srp-list-card,9,3,"2,792",
Novus Realty Group,Sale,"$800,000",https://www.realtor.com/realestateandhomes-detail/3-Beach-220th-St_Breezy-Point_NY_11697_M96516-14667?from=srp-list-card,3,1,,
Horning Auctions Company Llc,Sale,"$316,000",https://www.realtor.com/realestateandhomes-detail/1072-State-Route-14_Penn-Yan_NY_14527_M97015-61808?from=srp-list-card,3,1,"1,662",28.71
Amedore Homes,Sale,"$659,900",https://www.realtor.com/realestateandhomes-detail/16-Farmington-Ct_Glenmont_NY_12077_M91193-79181?from=srp-list-card,3,2,"2,036",0.34
"Houlihan Lawrence, Inc.",Sale,"$310,000",https://www.realtor.com/realestateandhomes-detail/83-Floyd-Hawver_Cairo_NY_12413_M99073-26234?from=srp-list-card,3,1,"1,196",3.1
Howard Hanna North Syracuse,Sale,"$585,000",https://www.realtor.com/realestateandhomes-detail/Water-Tower-Dr-Lot-15_Hastings_NY_13076_M97557-76169?from=srp-list-card,3,2.5,"2,160",1.26
Inglenook Realty Inc,Sale,"$1,600,000",https://www.realtor.com/realestateandhomes-detail/1312-Sacandaga-Rd_Charlton_NY_12020_M90778-07955?from=srp-list-card,4,5,"5,313",219.88
Built by Ryan Homes,Sale,"$382,940",https://www.realtor.com/realestateandhomes-detail/2954-Squire-Dr_Sanborn_NY_14132_M94762-40633,3,2,"1,366",
Core Real Estate Team,Sale,"$349,900",https://www.realtor.com/realestateandhomes-detail/409-Woodland-Dr_Jefferson_NY_12093_M35714-75497?from=srp-list-card,3,2.5,"1,800",10.1
Douglas Elliman - 1995 Broadway,Sale,"$1,595,000",https://www.realtor.com/realestateandhomes-detail/39-E-19th-St-Apt-3_New-York_NY_10003_M94634-22079?from=srp-list-card,2,1,"1,800",
New York Trophy Properties,Sale,"$85,000",https://www.realtor.com/realestateandhomes-detail/545-Wilkinson-Rd-Lot-47_Hamilton_NY_13346_M93287-46860?from=srp-list-card,,,,4.87
Berkshire Hathaway HomeServices River Towns Real Estate,Sale,"$475,000",https://www.realtor.com/realestateandhomes-detail/98-Mount-Airy-Rd-S_Croton-on-Hudson_NY_10520_M97178-01585?from=srp-list-card,2,2,"1,726",0.75
Michael S. Blank Realty,Sale,"$899,900",https://www.realtor.com/realestateandhomes-detail/369-Hallocks-Mill-Rd_Yorktown-Heights_NY_10598_M90965-57467?from=srp-list-card,4,2.5,"2,464",0.58
Keller Williams NYC,Sale,"$425,000",https://www.realtor.com/realestateandhomes-detail/7-Park-Ave-Apt-8B_New-York_NY_10016_M90037-73145?from=srp-list-card,Studio,1,,
Howard Hanna North Syracuse,Sale,"$500,000",https://www.realtor.com/realestateandhomes-detail/Watertower-Dr-Lot-4A_Central-Square_NY_13036_M93069-37031?from=srp-list-card,4,3.5,"2,000",1.19
WIN MORRISON REALTY,Sale,"$475,000",https://www.realtor.com/realestateandhomes-detail/92-Stony-Brook-Rd_Palenville_NY_12463_M93377-66917?from=srp-list-card,3,2.5,"3,399",5.4
MIUCCIO REAL ESTATE GROUP,,"$295,000",https://www.realtor.com/realestateandhomes-detail/1830-State-Route-43_Averill-Park_NY_12018_M92891-21745?from=srp-list-card,3,2,"2,506",2
Douglas Elliman - Hampton Bays,Sale,"$779,000",https://www.realtor.com/realestateandhomes-detail/52-S-Ferry-Rd_Shelter-Island_NY_11964_M90447-70391?from=srp-list-card,2,2,"1,435",1.4
Keller Williams Realty Greater Rochester,Sale,"$125,000",https://www.realtor.com/realestateandhomes-detail/126-Polaris-St_Rochester_NY_14606_M36554-77914?from=srp-list-card,3,2,"1,630",0.28
Keller Williams Realty Greater Rochester,Sale,"$319,000",https://www.realtor.com/realestateandhomes-detail/11512-Mendoleine-Rd_Dansville_NY_14437_M96900-61529?from=srp-list-card,4,2,"2,496",8.99
Legacy Nine Realty,,"$69,000",https://www.realtor.com/realestateandhomes-detail/Bird-Brk_Lake-Luzerne_NY_12846_M97495-38896?from=srp-list-card,1,,360,1.65
Gadway Realty,Sale,"$669,000",https://www.realtor.com/realestateandhomes-detail/192-Corscadden-Rd_Indian-Lake_NY_12842_M35747-37199?from=srp-list-card,3,2,"1,767",25.55
"Compass Greater NY, LLC",Sale,"$199,000",https://www.realtor.com/realestateandhomes-detail/24-Paradise-Hl_Cornwall_NY_12518_M36596-36779?from=srp-list-card,2,1,678,0.34
Keller Williams Realty Greater Rochester,Sale,"$150,000",https://www.realtor.com/realestateandhomes-detail/320-Hemingway-Dr_Rochester_NY_14620_M99262-43761?from=srp-list-card,3,2,"1,600",0.4
Cb Village Green Realty Np,Sale,"$79,000",https://www.realtor.com/realestateandhomes-detail/100-Yankee-Folly-Rd_New-Paltz_NY_12561_M91915-60724?from=srp-list-card,3,2,980,
Coldwell Banker Timberland Properties,Sale,"$299,000",https://www.realtor.com/realestateandhomes-detail/123-Church-St_Margaretville_NY_12455_M93626-52425?from=srp-list-card,5,3,"3,310",1.62
B.A. Straight Real Estate,Sale,"$480,000",https://www.realtor.com/realestateandhomes-detail/919-Bartlett-Rd_Jay_NY_12941_M92734-63013?from=srp-list-card,3,2,"1,266",20.4
Anderson Agency,Sale,"$319,000",https://www.realtor.com/realestateandhomes-detail/689-Albany-Tpke_Old-Chatham_NY_12136_M36716-34122?from=srp-list-card,3,1,"1,440",0.34
Troy A Ford Real Estate,Sale,"$195,000",https://www.realtor.com/realestateandhomes-detail/5451-State-Route-28N_Newcomb_NY_12852_M97848-82683?from=srp-list-card,3,1.5,"1,135",0.77
Leatherstocking Land & Realty,Sale,"$139,900",https://www.realtor.com/realestateandhomes-detail/Maple-Flats-Rd-E-Lot-20_Cleveland_NY_13042_M91564-60521?from=srp-list-card,,,,146.5
Howard Hanna East Corning - Market,Sale,"$179,900",https://www.realtor.com/realestateandhomes-detail/10307-Tannery-Creek-Rd_Corning_NY_14830_M36649-86905?from=srp-list-card,4,2.5,"1,976",1.19
"Fiacco Realty, LLC",Sale,"$89,995",https://www.realtor.com/realestateandhomes-detail/McMaster-Dr_Potsdam_NY_13676_M94236-14335?from=srp-list-card,,,,0.7
Figs Real Estate Group,Sale,"$274,990",https://www.realtor.com/realestateandhomes-detail/22-Samsonville-Rd_Kerhonkson_NY_12446_M96832-47660?from=srp-list-card,3,2,,6
Gadway Realty,Sale,"$159,000",https://www.realtor.com/realestateandhomes-detail/NY_M90881-37306?from=srp-list-card,3,1.5,"1,553",1.65
Berkshire Hathaway HomeServices New York Properties - Eastchester,Sale,"$225,000",https://www.realtor.com/realestateandhomes-detail/Y-Pine-Rd_Crompond_NY_10517_M94854-99134?from=srp-list-card,,,,0.95
Keller Williams Upstate Ny Pro,Sale,"$99,000",https://www.realtor.com/realestateandhomes-detail/119-Valley-View-Estates-Rd_Maryland_NY_12116_M36303-36423?from=srp-list-card,2,1,960,8.82
Coldwell Banker Prime Prop,Sale,"$65,000",https://www.realtor.com/realestateandhomes-detail/3065-State-Highway-29A_Caroga-Lake_NY_12032_M95275-58612?from=srp-list-card,1,1,"1,080","4,356"
Lake Homes Realty LLC,Sale,"$118,000",https://www.realtor.com/realestateandhomes-detail/274-River-Rd-E_Ogdensburg_NY_13669_M95178-86021?from=srp-list-card,3,1,"1,878",0.38
Howard Hanna - Chili-Ogden,Sale,"$6,500,000",https://www.realtor.com/realestateandhomes-detail/4285-W-Lake-Rd_Canandaigua_NY_14424_M92308-46734?from=srp-list-card,6,5.5,"5,142",2.32
GINNEL REAL ESTATE,Sale,"$479,000",https://www.realtor.com/realestateandhomes-detail/641-Route-22_Croton-Falls_NY_10519_M95902-70210?from=srp-list-card,3,2,"1,256","9,679"
Signature Premier Properties,Sale,"$999,999",https://www.realtor.com/realestateandhomes-detail/106-Cove-Rd_Northport_NY_11768_M98461-43624?from=srp-list-card,4,2,,1.83
Berkshire Hathaway HomeServices New York Properties - Larchmont,Sale,"$538,000",https://www.realtor.com/realestateandhomes-detail/47-12-N-Malcolm-St_Ossining_NY_10562_M97571-46992?from=srp-list-card,3,2.5,"1,920",0.32
Garlock Realty,Sale,"$2,695,000",https://www.realtor.com/realestateandhomes-detail/1-2-Florence-Is_Alexandria-Bay_NY_13607_M94668-43160?from=srp-list-card,6,5,"3,623",1
HUNT Real Estate ERA - Cicero,Sale,"$169,900",https://www.realtor.com/realestateandhomes-detail/328-Ouderkirk-Rd_Pulaski_NY_13142_M90219-84285?from=srp-list-card,4,1.5,"2,700",15
Keller-Williams Mohawk Valley,Sale,"$49,900",https://www.realtor.com/realestateandhomes-detail/286-California-Rd_Cold-Brook_NY_13324_M97271-87178?from=srp-list-card,1,,670,2
Maureen Folan R E Group Llc,Sale,"$798,000",https://www.realtor.com/realestateandhomes-detail/2917-166th-St_Flushing_NY_11358_M35654-37955?from=srp-list-card,3,2,,"2,000"
Progeny Realty Inc,Sale,"$549,000",https://www.realtor.com/realestateandhomes-detail/25-W-Lakeshore-Dr_Carmel_NY_10512_M49667-12873?from=srp-list-card,3,2,"2,197",0.44
VanDyke LLC,Sale,"$35,900",https://www.realtor.com/realestateandhomes-detail/6277-Canyon-Dr-17_Cattaraugus_NY_14719_M91174-03044?from=srp-list-card,,,,2.9
Coldwell Banker Prime Properties,Sale,"$110,000",https://www.realtor.com/realestateandhomes-detail/234-Butterfly-Shrs-10_Mexico_NY_13114_M97030-63906?from=srp-list-card,,,,"6,098"
Howard Hanna,Sale,"$949,000",https://www.realtor.com/realestateandhomes-detail/1230-Milton-Keynes-Dr_Niskayuna_NY_12309_M35961-50625?from=srp-list-card,5,5.5,"5,210",1.88
Forever Homes Usa Llc,Sale,"$200,000",https://www.realtor.com/realestateandhomes-detail/12-Ash-Ct-13_Selden_NY_11784_M93579-10584?from=srp-list-card,2,1,,
CENTURY 21 Leah's Signature,Sale,"$59,900",https://www.realtor.com/realestateandhomes-detail/39-E-5th-St_Oswego_NY_13126_M48095-77648?from=srp-list-card,3,1,"1,410","6,199"
The Corcoran Group - Shelter Island,Sale,"$793,000",https://www.realtor.com/realestateandhomes-detail/13-Winthrop-Rd_Shelter-Island_NY_11964_M94746-08253?from=srp-list-card,1,1,725,
VENTURE NORTH ASSOCIATES,Sale,"$79,999",https://www.realtor.com/realestateandhomes-detail/Reber-Rd_Willsboro_NY_12996_M97202-73819?from=srp-list-card,,,,100
The Kinderhook Group Inc.,Sale,"$995,000",https://www.realtor.com/realestateandhomes-detail/235-Slate-Hill-Rd_Ghent_NY_12075_M95608-71783?from=srp-list-card,5,1.5,"2,302",47
Keller Williams Realty Greater Rochester,Sale,"$309,900",https://www.realtor.com/realestateandhomes-detail/746-Oakridge-Dr_Rochester_NY_14617_M37104-20508?from=srp-list-card,5,3,"3,118",0.53
Keller Williams Realty Greater Rochester,,"$525,000",https://www.realtor.com/realestateandhomes-detail/14828-S-Hadcock-Dr_Sterling_NY_13156_M97143-86211?from=srp-list-card,3,2,"1,584",0.3
Corcoran Williamsburg Bedford,Sale,"$595,000",https://www.realtor.com/realestateandhomes-detail/2475-38th-Ave-A4_Long-Island-City_NY_11101_M96326-40390?from=srp-list-card,2,1,,
Built by Toll Brothers,Sale,"$2,000,000",https://www.realtor.com/realestateandhomes-detail/The-Rockwell-4H_New-York_NY_10025_M95846-36620,2,2,"1,132",
D Katen Fire Island Prop Ltd,Sale,"$1,685,000",https://www.realtor.com/realestateandhomes-detail/514-Fire-Island-Blvd_Fire-Island-Pine_NY_11782_M91761-63653?from=srp-list-card,3,3.5,"5,220","5,220"
Howard Hanna - Northville,Sale,"$399,900",https://www.realtor.com/realestateandhomes-detail/1561-State-Highway-30_Wells_NY_12190_M96348-14020?from=srp-list-card,3,2.5,"1,856",1.1
Lake Ontario Realty LLC,Sale,"$42,900",https://www.realtor.com/realestateandhomes-detail/34379-Route-12-E_Cape-Vincent_NY_13618_M95267-55090?from=srp-list-card,2,1,,
Howard Hanna,,"$300,000",https://www.realtor.com/realestateandhomes-detail/1-Talbot-Ct_Rexford_NY_12148_M47319-50030?from=srp-list-card,4,2.5,"2,578",0.69
Lacy Realty,Sale,"$27,999",https://www.realtor.com/realestateandhomes-detail/Sh-58_Hammond_NY_13646_M92998-37600?from=srp-list-card,,,,17
Keller Williams Upstate Ny Pro,Sale,"$489,000",https://www.realtor.com/realestateandhomes-detail/42377-State-Highway-28_Margaretville_NY_12455_M94255-37934?from=srp-list-card,4,2,"3,672",0.49
Howard Hanna Sidney,Sale,"$139,900",https://www.realtor.com/realestateandhomes-detail/318-Round-Pond-Rd_Smithville-Flats_NY_13841_M97729-77317?from=srp-list-card,2,1,860,0.5
Realty Connect USA L I Inc,Sale,"$825,000",https://www.realtor.com/realestateandhomes-detail/200-Christian-Ave_Stony-Brook_NY_11790_M35450-38992?from=srp-list-card,3,2,,0.55
Howard Hanna Lockport,Sale,"$500,000",https://www.realtor.com/realestateandhomes-detail/6533-Wolcottsville-Rd_Akron_NY_14001_M47528-08014?from=srp-list-card,4,2.5,"2,651",6.5
Garlock Realty,Sale,"$2,700,000",https://www.realtor.com/realestateandhomes-detail/45232-Longue-Vue_Alexandria-Bay_NY_13607_M92986-27876?from=srp-list-card,8,5.5,"9,112",0.5
"Early Sunrise Realty, Llc",Sale,"$245,000",https://www.realtor.com/realestateandhomes-detail/9564-S-Warsaw-Rd_Le-Roy_NY_14482_M97920-88747?from=srp-list-card,3,2,"1,024",1.1
Howard Hanna - Ontario,,"$150,000",https://www.realtor.com/realestateandhomes-detail/5025-Lake-Rd_Williamson_NY_14589_M91749-54799?from=srp-list-card,1,1,624,"1,742"
Howard Hanna - Fairport,Sale,"$224,900",https://www.realtor.com/realestateandhomes-detail/31-Meadow-View-Dr_Penfield_NY_14526_M49609-84709?from=srp-list-card,4,2,"1,947",0.25
Rome Rsa Realty Enterprises Llc,Sale,"$77,000",https://www.realtor.com/realestateandhomes-detail/12830-State-Route-812_Harrisville_NY_13648_M98639-75170?from=srp-list-card,4,1.5,"1,625",2.3
Built by Toll Brothers,Sale,"$3,995,000",https://www.realtor.com/realestateandhomes-detail/The-Rockwell-12D_New-York_NY_10025_M98031-98623,3,3.5,"1,934",
Hunt ERA,,"$195,000",https://www.realtor.com/realestateandhomes-detail/3014-Lake-Shore-Dr-2B_Lake-George_NY_12845_M96185-09545?from=srp-list-card,2,2,"1,300",436
Keller Williams Realty Partner,Sale,"$989,000",https://www.realtor.com/realestateandhomes-detail/61-Eastwoods-Rd_Pound-Ridge_NY_10576_M47339-31514?from=srp-list-card,3,3.5,"3,170",7.5
Brzostek's Real Estate,Sale,"$138,452",https://www.realtor.com/realestateandhomes-detail/27273-Park-Dr-35_Chaumont_NY_13622_M97248-85965?from=srp-list-card,,,,"8,002"
Coldwell Banker Prime Properties,Sale,"$112,000",https://www.realtor.com/realestateandhomes-detail/57-E-Tenth_Oswego_NY_13126_M97700-82478?from=srp-list-card,3,1.5,"1,339","9,901"
Howard Hanna,Sale,"$135,000",https://www.realtor.com/realestateandhomes-detail/586-NY-30_Northville_NY_12134_M96509-82576?from=srp-list-card,3,2,"1,120",1.47
HOWARD HANNA RAND REALTY GO,Sale,"$159,000",https://www.realtor.com/realestateandhomes-detail/13-Hidden-Valley-Dr_Middletown_NY_10941_M94226-65552?from=srp-list-card,3,2,"1,640",
Avenues - Headquarters,Sale,"$225,000",https://www.realtor.com/realestateandhomes-detail/122-E-102nd-St-Apt-3B_New-York_NY_10029_M96233-61539?from=srp-list-card,2,1,979,
Berkshire Hathaway HomeServices Hudson Valley Properties,Sale,"$595,000",https://www.realtor.com/realestateandhomes-detail/48-Poppys-Ln_Pawling_NY_12564_M37005-13607?from=srp-list-card,3,3,"2,500",2.72
Sterling Real Estate Group,Sale,"$295,000",https://www.realtor.com/realestateandhomes-detail/1346-Rowe-Rd_Schenectady_NY_12309_M35986-21550?from=srp-list-card,4,2.5,"2,588",0.41
Dwell Residential,Sale,"$1,139,000",https://www.realtor.com/realestateandhomes-detail/Greenport_NY_11944_M98862-30786?from=srp-list-card,2,2,,
Town & Country Real Estate (Montauk),Sale,"$605,000",https://www.realtor.com/realestateandhomes-detail/779-Old-Montauk-Hwy-3_Montauk_NY_11954_M95071-23953?from=srp-list-card,1,1,,
HOULIHAN LAWRENCE - East Fishkill,Sale,"$535,000",https://www.realtor.com/realestateandhomes-detail/321-Perkinsville-Rd_Highland_NY_12528_M37484-23760?from=srp-list-card,3,2.5,"2,214",1.57
Landquest Inc.,Sale,"$168,900",https://www.realtor.com/realestateandhomes-detail/Hammerle-Rd_Oxford_NY_13830_M98258-29737?from=srp-list-card,Studio,2,"3,648",78.46
Keller Williams Upstate Ny Pro,Sale,"$160,000",https://www.realtor.com/realestateandhomes-detail/217-237-County-Highway-20_Deposit_NY_13754_M99667-43734?from=srp-list-card,2,2,"1,180",10
Howard Hanna | Rand Realty,Sale,"$615,000",https://www.realtor.com/realestateandhomes-detail/2-Holly-Ct_Tuxedo-Park_NY_10987_M36800-60107?from=srp-list-card,3,3.5,"2,842","3,350"
Hunt Real Estate ERA,Sale,"$499,000",https://www.realtor.com/realestateandhomes-detail/106-Peet-Dr_Marcy_NY_13403_M91907-38718?from=srp-list-card,3,2,"1,528",0.95
GINNEL REAL ESTATE,Sale,"$479,000",https://www.realtor.com/realestateandhomes-detail/641-Route-22_Croton-Falls_NY_10519_M95902-70210?from=srp-list-card,3,2,"1,256","9,679"
Howard Hanna,Sale,"$179,900",https://www.realtor.com/realestateandhomes-detail/142-Neary-Rd_Richmondville_NY_12149_M32662-18789?from=srp-list-card,4,2,"3,408",10.5
Keller Williams Realty Partners Yh,Sale,"$150,000",https://www.realtor.com/realestateandhomes-detail/288-Sylvan-Lake-Rd_Hopewell-Junction_NY_12533_M32657-54600?from=srp-list-card,2,1.5,960,
K Fortuna Realty Inc. Wf,Sale,"$595,000",https://www.realtor.com/realestateandhomes-detail/15-Leo-Ln_Poughquag_NY_12570_M32495-06649?from=srp-list-card,3,3.5,"3,301",1.28
Keller-Williams Mohawk Valley,Sale,"$49,900",https://www.realtor.com/realestateandhomes-detail/286-California-Rd_Cold-Brook_NY_13324_M97271-87178?from=srp-list-card,1,,670,2
Timm Associates Sotheby's International Realty,Sale,"$195,000",https://www.realtor.com/realestateandhomes-detail/281-Stock-Ln_Inlet_NY_13360_M36622-00366?from=srp-list-card,1,0.5,656,0.23
Signature Premier Properties,Sale,"$549,000",https://www.realtor.com/realestateandhomes-detail/183-Mill-Dam-Rd_Centerport_NY_11721_M39711-70277?from=srp-list-card,3,2.5,,0.25
Daniel Gale Sotheby's International Realty,Sale,"$730,000",https://www.realtor.com/realestateandhomes-detail/9-Mayflower-Ct_Centerport_NY_11721_M35612-15164?from=srp-list-card,3,2,,0.27
Terrie O'Connor Realtors-Ramsey,Sale,"$425,000",https://www.realtor.com/realestateandhomes-detail/33-Pine-Ln_New-City_NY_10956_M39004-69692?from=srp-list-card,3,2,870,0.63
D B Austin Realty Inc,Sale,"$699,000",https://www.realtor.com/realestateandhomes-detail/16-Manorview-Way_Manorville_NY_11949_M38389-65754?from=srp-list-card,4,2.5,"2,900","9,583"
Re/Max Titanium Llc,Sale,"$149,900",https://www.realtor.com/realestateandhomes-detail/7312-4th-Section-Rd_Brockport_NY_14420_M33565-75309?from=srp-list-card,2,1,"1,125",0.31
Forever Homes Usa Llc,Sale,"$200,000",https://www.realtor.com/realestateandhomes-detail/12-Ash-Ct-13_Selden_NY_11784_M93579-10584?from=srp-list-card,2,1,,
The Corcoran Group - Shelter Island,Sale,"$793,000",https://www.realtor.com/realestateandhomes-detail/13-Winthrop-Rd_Shelter-Island_NY_11964_M94746-08253?from=srp-list-card,1,1,725,
VENTURE NORTH ASSOCIATES,Sale,"$79,999",https://www.realtor.com/realestateandhomes-detail/Reber-Rd_Willsboro_NY_12996_M97202-73819?from=srp-list-card,,,,100
Realty Connect Usa L I Inc,Sale,"$318,900",https://www.realtor.com/realestateandhomes-detail/15-Jerome-Rd_Sound-Beach_NY_11789_M36276-79232?from=srp-list-card,2,1,,0.23
The Kinderhook Group Inc.,Sale,"$995,000",https://www.realtor.com/realestateandhomes-detail/235-Slate-Hill-Rd_Ghent_NY_12075_M95608-71783?from=srp-list-card,5,1.5,"2,302",47
Keller Williams Realty Greater Rochester,Sale,"$309,900",https://www.realtor.com/realestateandhomes-detail/746-Oakridge-Dr_Rochester_NY_14617_M37104-20508?from=srp-list-card,5,3,"3,118",0.53
Keller Williams Realty Greater Rochester,,"$525,000",https://www.realtor.com/realestateandhomes-detail/14828-S-Hadcock-Dr_Sterling_NY_13156_M97143-86211?from=srp-list-card,3,2,"1,584",0.3
Coldwell Banker American Homes,Sale,"$575,000",https://www.realtor.com/realestateandhomes-detail/21-Arrowhead-Ln_East-Setauket_NY_11733_M36856-19030?from=srp-list-card,5,2.5,,0.35
Keller Williams Hudson Valley,Sale,"$1,585,000",https://www.realtor.com/realestateandhomes-detail/347-Pleasant-Hill-Dr_New-City_NY_10956_M38441-60853?from=srp-list-card,5,4.5,"4,341",1.84
Corcoran Williamsburg Bedford,Sale,"$595,000",https://www.realtor.com/realestateandhomes-detail/2475-38th-Ave-A4_Long-Island-City_NY_11101_M96326-40390?from=srp-list-card,2,1,,
RE MAX North Country,Sale,"$169,900",https://www.realtor.com/realestateandhomes-detail/54-Main-Mill-St_Plattsburgh_NY_12901_M91807-51056?from=srp-list-card,3,2.5,"1,409",436
Built by Toll Brothers,Sale,"$2,000,000",https://www.realtor.com/realestateandhomes-detail/The-Rockwell-4H_New-York_NY_10025_M95846-36620,2,2,"1,132",
Howard Hanna - Northville,Sale,"$399,900",https://www.realtor.com/realestateandhomes-detail/1561-State-Highway-30_Wells_NY_12190_M96348-14020?from=srp-list-card,3,2.5,"1,856",1.1
GINNEL REAL ESTATE,Sale,"$699,000",https://www.realtor.com/realestateandhomes-detail/1310-Old-Post-Rd_Katonah_NY_10536_M39322-94379?from=srp-list-card,2,2,"1,400","8,712"
PRECIOUS PROPERTIES CORP.,Sale,"$685,000",https://www.realtor.com/realestateandhomes-detail/102-E-Raleigh-Ave_Staten-Island_NY_10310_M35432-83612?from=srp-list-card,4,1,"1,500","4,300"
Built by Toll Brothers,Sale,"$999,995",https://www.realtor.com/realestateandhomes-detail/Lofts-at-Edge-On-Hudson-2206_Sleepy-Hollow_NY_10591_M90828-49505,2,2.5,"1,190",
"Century 21 Amiable Realty Group II, Inc.",Sale,"$349,000",https://www.realtor.com/realestateandhomes-detail/8929-Shore-Pkwy-3_Howard-Beach_NY_11414_M92062-02887?from=srp-list-card,3,2,,
Lake Ontario Realty LLC,Sale,"$42,900",https://www.realtor.com/realestateandhomes-detail/34379-Route-12-E_Cape-Vincent_NY_13618_M95267-55090?from=srp-list-card,2,1,,
Mancini Realty Inc.,Sale,"$570,000",https://www.realtor.com/realestateandhomes-detail/21-Cheryl-Ct_Mahopac_NY_10541_M36920-05416?from=srp-list-card,3,2.5,"2,079",0.46
Keller Williams Upstate Ny Pro,Sale,"$489,000",https://www.realtor.com/realestateandhomes-detail/42377-State-Highway-28_Margaretville_NY_12455_M94255-37934?from=srp-list-card,4,2,"3,672",0.49
The Greene Realty Group,Sale,"$299,900",https://www.realtor.com/realestateandhomes-detail/259-Vley-Rd_Scotia_NY_12302_M34094-67849?from=srp-list-card,4,2,"2,096",0.55
Howard Hanna - Fairport,Sale,"$224,900",https://www.realtor.com/realestateandhomes-detail/31-Meadow-View-Dr_Penfield_NY_14526_M49609-84709?from=srp-list-card,4,2,"1,947",0.25
CNYHomes,Sale,"$150,000",https://www.realtor.com/realestateandhomes-detail/281-Fire-Lane-8_Jordan_NY_13080_M41200-29985?from=srp-list-card,3,1,"1,440",0.32
Douglas Elliman - Greenport,Sale,"$399,000",https://www.realtor.com/realestateandhomes-detail/1000-9th-St-Apt-94_Greenport_NY_11944_M95396-87334?from=srp-list-card,2,1,,
Keystone Realty USA Corp,Sale,"$749,000",https://www.realtor.com/realestateandhomes-detail/49-Hommell-St_Valley-Stream_NY_11580_M49474-09756?from=srp-list-card,6,3,,"4,000"
Douglas Elliman - Franklin Square,Sale,"$825,000",https://www.realtor.com/realestateandhomes-detail/9-Melton-Dr-W_Rockville-Centre_NY_11570_M48777-79825?from=srp-list-card,4,3.5,"3,094","9,114"
Douglas Elliman - 575 Madison Ave,Sale,"$63,000,000",https://www.realtor.com/realestateandhomes-detail/9-W-54th-St-Unit-Townhouse_New-York_NY_10019_M91448-13987?from=srp-list-card,11,10,"24,000",
"CENTURY 21 Bay's Edge Realty, Inc.",Sale,"$450,000",https://www.realtor.com/realestateandhomes-detail/206-Okeefe-Ct_Oakdale_NY_11769_M38862-69196?from=srp-list-card,2,2,"1,200",436
Corcoran Legends Realty,Sale,"$849,000",https://www.realtor.com/realestateandhomes-detail/10-Cayuga-Ln_Irvington_NY_10533_M40233-28076?from=srp-list-card,4,3,"3,012",0.58
Howard Hanna - Rochester Main,Sale,"$149,900",https://www.realtor.com/realestateandhomes-detail/3949-Sweden-Walker-Rd_Brockport_NY_14420_M41264-15150?from=srp-list-card,3,1.5+,"1,368",0.75
Keller Williams Realty Hudson Valley North,Sale,"$385,000",https://www.realtor.com/realestateandhomes-detail/386-Scotchtown-Rd-Apt-2_Goshen_NY_10924_M39889-34210?from=srp-list-card,4,3,"3,053",6
Keller Williams Realty NY,,"$259,900",https://www.realtor.com/realestateandhomes-detail/7-Casewood-Dr_Wilson_NY_14172_M98855-69314?from=srp-list-card,3,2.5,"1,888",0.38
Daniel Gale Sothebys Intl Rlty,Sale,"$5,100,000",https://www.realtor.com/realestateandhomes-detail/1-Atlantic-Walk_Water-Island_NY_11782_M99488-27860?from=srp-list-card,4,5,,0.97
Home Global Realty Corp,Sale,"$74,000",https://www.realtor.com/realestateandhomes-detail/7PALMS-Punta-Cana_NY_23000_M93668-68971?from=srp-list-card,1,1.5,,
716 Realty Group WNY LLC,Sale,"$189,900",https://www.realtor.com/realestateandhomes-detail/332-Zimmerman-St_North-Tonawanda_NY_14120_M41149-31737?from=srp-list-card,3,1,980,0.3
Keller Williams Realty Hudson,Sale,"$139,000",https://www.realtor.com/realestateandhomes-detail/21-Kevin-Ln_Durham_NY_12423_M93005-23674?from=srp-list-card,3,2,"1,296",
Home Roots Realty,Sale,"$90,000",https://www.realtor.com/realestateandhomes-detail/61-Grove-St_Brushton_NY_12916_M92221-24235?from=srp-list-card,2,1,"1,000","5,663"
Keller Williams Upstate Ny Pro,Sale,"$239,900",https://www.realtor.com/realestateandhomes-detail/10113-Elk-Creek-Rd_Delhi_NY_13753_M91196-40026?from=srp-list-card,5,3,"2,424",0.55
Howard Hanna | Rand Realty,Sale,"$118,900",https://www.realtor.com/realestateandhomes-detail/5-Farm-Ln_Washingtonville_NY_10992_M96504-03564?from=srp-list-card,2,2,"1,792",
Rob Grant & Assoc. R.E.,Sale,"$325,000",https://www.realtor.com/realestateandhomes-detail/585-Trim-Rd_Saint-Regis-Falls_NY_12980_M95602-83773?from=srp-list-card,2,0.5,700,50
Charles Rutenberg Realty Inc,Sale,"$589,000",https://www.realtor.com/realestateandhomes-detail/847-N-William-St_North-Baldwin_NY_11510_M41384-70942?from=srp-list-card,4,2,,"4,500"
Keller Williams Realty Syracuse,Sale,"$365,000",https://www.realtor.com/realestateandhomes-detail/601-E-Seneca-St_Manlius_NY_13104_M38778-20406?from=srp-list-card,5,3,"3,510",0.34
"Land Quest, Inc.",Sale,"$399,900",https://www.realtor.com/realestateandhomes-detail/8744-County-Route-105_Avoca_NY_14809_M48769-61259?from=srp-list-card,3,2,"1,533",146.6
Hunt ERA,,"$119,900",https://www.realtor.com/realestateandhomes-detail/71-McDonald-St_Glens-Falls_NY_12801_M37932-65939?from=srp-list-card,3,1,"1,052","7,405"
Douglas Elliman - Merrick,Sale,"$449,000",https://www.realtor.com/realestateandhomes-detail/332-Peninsula-Blvd-Apt-B_Cedarhurst_NY_11516_M90271-95458?from=srp-list-card,3,2.5,"1,800",
Warren Real Estate,Sale,"$339,000",https://www.realtor.com/realestateandhomes-detail/350-N-Glen-Ave_Watkins-Glen_NY_14891_M91788-10970?from=srp-list-card,3,2.5,"1,842",0.42
Leatherstocking Land & Realty,Sale,"$138,000",https://www.realtor.com/realestateandhomes-detail/Glenfield-Western-Rr-Bed-Ne-Lot-5_Lowville_NY_13437_M90288-33685?from=srp-list-card,,,,261.6
RE/MAX Plus,Sale,"$215,000",https://www.realtor.com/realestateandhomes-detail/2-Margo-Dr_Fairport_NY_14450_M48818-48294?from=srp-list-card,3,2,"1,404",0.45
Island Advantage Realty Llc,Sale,"$299,900",https://www.realtor.com/realestateandhomes-detail/44-Hackensack-Rd_Mastic-Beach_NY_11951_M98506-70612?from=srp-list-card,3,2,"1,364",0.32
"The Reynolds Group of Lake Placid, LLC",Sale,"$2,950,000",https://www.realtor.com/realestateandhomes-detail/12-George-Bliss-Ln-254_Lake-Placid_NY_12946_M99433-67372?from=srp-list-card,4,3,"4,122",41.37
Coldwell Banker Realty,Sale,"$365,000",https://www.realtor.com/realestateandhomes-detail/2-Vine-Rd_Mahopac_NY_10541_M49604-34586?from=srp-list-card,2,1,728,0.65
Premier Listings Real Estate,Sale,"$738,000",https://www.realtor.com/realestateandhomes-detail/7-Devereux-Dr_Allegany_NY_14706_M48650-35821?from=srp-list-card,5,4.5+,"3,476",0.49
CENTURY 21 New West Properties,Sale,"$199,900",https://www.realtor.com/realestateandhomes-detail/86-Dederich-Rd_East-Durham_NY_12423_M48948-77128?from=srp-list-card,4,2,"1,648",2.31
Keller Williams Upstate Ny Pro,Sale,"$84,900",https://www.realtor.com/realestateandhomes-detail/147-Lake-Shore-Dr-N_Maryland_NY_12116_M95852-77896?from=srp-list-card,3,1,792,"6,098"
Gene Rios Realty,Sale,"$310,000",https://www.realtor.com/realestateandhomes-detail/229-Green-St_Port-Ewen_NY_12466_M98680-16399?from=srp-list-card,3,2,"1,547",0.23
Don Olin Realty Inc,Sale,"$825,000",https://www.realtor.com/realestateandhomes-detail/83-Lake-St_Cooperstown_NY_13326_M41220-53873?from=srp-list-card,4,3,"3,565",6.34
Four Star Realty Group Inc,Sale,"$269,900",https://www.realtor.com/realestateandhomes-detail/1458-Sawyer-Hollow-Rd_West-Fulton_NY_12194_M90802-69827?from=srp-list-card,4,2,"2,598",0.9
Lake Ontario Realty LLC,Sale,"$45,000",https://www.realtor.com/realestateandhomes-detail/23698-Pines-Trl_Alexandria-Bay_NY_13607_M99106-55232?from=srp-list-card,2,1,988,
County Seat Realty,Sale,"$158,000",https://www.realtor.com/realestateandhomes-detail/44-E-Hatfield-St_Massena_NY_13662_M48812-95480?from=srp-list-card,4,2.5,"1,536",0.59
RE/MAX REALTY GROUP,,"$199,891",https://www.realtor.com/realestateandhomes-detail/7472-Phelps-Ave_Wolcott_NY_14590_M49538-28639?from=srp-list-card,4,1,"1,248",0.25
Howard Hanna Coach Realtors - Smithtown,Sale,"$649,000",https://www.realtor.com/realestateandhomes-detail/2-Janet-Ln_Commack_NY_11725_M44617-42812?from=srp-list-card,3,2,,"8,712"
Robert A. McCaffrey Realty Inc,Sale,"$535,000",https://www.realtor.com/realestateandhomes-detail/59-Hy-Vue-Ter_Cold-Spring_NY_10516_M46908-96260?from=srp-list-card,3,1.5,"1,760",1
Douglas Elliman - Smithtown,Sale,"$645,500",https://www.realtor.com/realestateandhomes-detail/140-Morewood-Dr_Smithtown_NY_11787_M49155-42453?from=srp-list-card,4,2,,0.25
Mariana Realty Corp,Sale,"$575,000",https://www.realtor.com/realestateandhomes-detail/62-Vineyard-Ave_Yonkers_NY_10703_M48763-27829?from=srp-list-card,4,3,"1,718","3,049"
Berkshire Hathaway,Sale,"$1,895,000",https://www.realtor.com/realestateandhomes-detail/20-Cameron-Dr_Huntington_NY_11743_M49263-20870?from=srp-list-card,4,3.5,"3,737",0.5
Lake To Lake Real Estate,Sale,"$359,900",https://www.realtor.com/realestateandhomes-detail/4377-Teall-S_Fayette_NY_13148_M92911-39092?from=srp-list-card,3,2,"1,448",0.4
Built by Argo Development and Construction,Sale,"$750,000",https://www.realtor.com/realestateandhomes-detail/85-Wildwood-Dr_Rock-Tavern_NY_12575_M97646-22325,6,3.5,"4,062",
Howard Hanna | Rand Realty,Sale,"$339,900",https://www.realtor.com/realestateandhomes-detail/25-Brookside-Rd_Mahopac_NY_10541_M48617-46085?from=srp-list-card,2,2,"1,408",0.91
Douglas Elliman - Hampton Bays,Sale,"$865,000",https://www.realtor.com/realestateandhomes-detail/9-Howell-Pl_Speonk_NY_11972_M96702-86193?from=srp-list-card,4,2,"1,779",0.39
River Hills Properties Llc Lf,,"$104,900",https://www.realtor.com/realestateandhomes-detail/9422-Maynard-Dr-SS_Marcy_NY_13403_M90439-20811?from=srp-list-card,3,1,"1,800",0.4
WIN MORRISON REALTY,Sale,"$599,000",https://www.realtor.com/realestateandhomes-detail/50-Lower-Byrdcliffe-Rd_Woodstock_NY_12498_M41598-71621?from=srp-list-card,2,1,"1,201",0.41
Gurney Becker & Bourne,Sale,"$1,350,000",https://www.realtor.com/realestateandhomes-detail/65-Oakland-Pl_Buffalo_NY_14222_M44706-06084?from=srp-list-card,6,6.5+,"6,066",0.68
Judith Ann Realty Inc,Sale,"$239,900",https://www.realtor.com/realestateandhomes-detail/34-Hagaman-Ave_Amsterdam_NY_12010_M44582-00897?from=srp-list-card,2,1.5,"1,564",0.29
HUNT Real Estate ERA - Canandaigua,Sale,"$405,000",https://www.realtor.com/realestateandhomes-detail/832-Caton-Rd_Penn-Yan_NY_14527_M49648-55690?from=srp-list-card,2,2,"1,152",0.3
ADIRONDACK REAL ESTATE LLC,,"$225,000",https://www.realtor.com/realestateandhomes-detail/2095-Harrington-Hill-Rd_Lake-George_NY_12845_M94851-26703?from=srp-list-card,3,2,"1,512",4.44
"Backus Real Estate, Inc-Malone",Sale,"$229,000",https://www.realtor.com/realestateandhomes-detail/420-Akins-Rd_Dickinson-Center_NY_12930_M98960-41198?from=srp-list-card,2,1.5,"1,425",12
Douglas Elliman - 575 Madison Ave,Sale,"$55,000,000",https://www.realtor.com/realestateandhomes-detail/1355-1st-Ave_New-York_NY_10021_M39405-47606?from=srp-list-card,8,8.5,"12,000",
FITZGIBBONS REAL ESTATE,Sale,"$189,900",https://www.realtor.com/realestateandhomes-detail/31-Franklin-Ave_Oswego_NY_13126_M40786-12484?from=srp-list-card,3,2,"1,624",0.53
Stone Hill Real Estate,Sale,"$473,000",https://www.realtor.com/realestateandhomes-detail/3302-Shore-Pkwy_Brooklyn_NY_11235_M39072-04984?from=srp-list-card,3,2,"1,216","1,140"
Howard Hanna - Greece,Sale,"$329,900",https://www.realtor.com/realestateandhomes-detail/33-Mill-Valley-Rd_Pittsford_NY_14534_M49240-68681?from=srp-list-card,4,2,"1,687",0.46
GRG Gloria Realty Group,,"$279,900",https://www.realtor.com/realestateandhomes-detail/5977-E-Seneca-Tpke_Jamesville_NY_13078_M47641-13167?from=srp-list-card,4,1.5+,"1,704",0.37
"Krutz Properties, Llc",Sale,"$379,000",https://www.realtor.com/realestateandhomes-detail/182-Logtown-Rd_Fultonville_NY_12072_M93959-45489?from=srp-list-card,5,1,"2,200",63.6
RE/MAX Best,Sale,"$499,000",https://www.realtor.com/realestateandhomes-detail/171-W-16th-St_Deer-Park_NY_11729_M40389-09795?from=srp-list-card,3,2,,0.23
Ellis Sotheby's International Realty,Sale,"$7,600,000",https://www.realtor.com/realestateandhomes-detail/68-Willow-Creek-Rd_Washingtonville_NY_10992_M39811-21354?from=srp-list-card,16,8,"8,391",42.7
RE/MAX Plus,Sale,"$179,900",https://www.realtor.com/realestateandhomes-detail/275-Strathmore-Rd_Rochester_NY_14612_M44615-90814?from=srp-list-card,3,2,"2,399","7,501"
WNY Metro Roberts Realty,Sale,"$199,900",https://www.realtor.com/realestateandhomes-detail/46-Abeles-Ave_Cheektowaga_NY_14225_M40867-99069?from=srp-list-card,3,2,"1,620","7,405"
Houlihan Lawrence,Sale,"$575,000",https://www.realtor.com/realestateandhomes-detail/21-Ridge-Rd_Dover-Plains_NY_12522_M38376-37754?from=srp-list-card,4,3.5,"3,352",2
COMPASS,Sale,"$10,750,000",https://www.realtor.com/realestateandhomes-detail/4-Forest-Ave_Rye_NY_10580_M42904-18098?from=srp-list-card,5,7.5+,"12,285",2
The Corcoran Group - Southampton,Sale,"$795,000",https://www.realtor.com/realestateandhomes-detail/8-Savannah-Ln-N_Southampton_NY_11968_M41217-35507?from=srp-list-card,3,2.5,"2,000",
Realhome Services And Solution,,"$41,400",https://www.realtor.com/realestateandhomes-detail/19-Cushman-St_New-Berlin_NY_13411_M49219-65951?from=srp-list-card,5,1.5,"2,268",0.24
WNY Metro Roberts Realty,Sale,"$189,900",https://www.realtor.com/realestateandhomes-detail/12-E-Toulon-Dr_Cheektowaga_NY_14227_M49468-97021?from=srp-list-card,3,1.5,960,"5,663"
CENTURY 21 Gold Standard,Sale,"$79,500",https://www.realtor.com/realestateandhomes-detail/9456-Lake-Shore-Rd-10_Angola_NY_14006_M93281-45641?from=srp-list-card,4,1,900,
NextHome CNY Realty,,"$199,900",https://www.realtor.com/realestateandhomes-detail/4-Pendergast-Rd_Phoenix_NY_13135_M48812-80470?from=srp-list-card,4,1.5,"1,516",1.16
HUNT Real Estate ERA - Wheatfield,Sale,"$235,000",https://www.realtor.com/realestateandhomes-detail/425-North-Ave_North-Tonawanda_NY_14120_M48192-30781?from=srp-list-card,4,2,"1,762",0.25
"Your Home CNY Realty, LLC",,"$239,900",https://www.realtor.com/realestateandhomes-detail/5486-Topsfield-Ln_Clay_NY_13041_M38992-04760?from=srp-list-card,4,2.5,"1,972",0.47
"Howitt, Harriette A.",Sale,"$259,900",https://www.realtor.com/realestateandhomes-detail/19-Monroe-Orleans-County-Line-Road-St_Hamlin_NY_14464_M93427-39510?from=srp-list-card,3,2,"1,404","4,356"
CENTURY 21 Crown Homes,Sale,"$539,000",https://www.realtor.com/realestateandhomes-detail/388-Nassau-Ave_Freeport_NY_11520_M39661-90490?from=srp-list-card,3,1.5,"1,269","5,000"
Howard Hanna Horseheads,Sale,"$449,000",https://www.realtor.com/realestateandhomes-detail/2250-County-Road-10_Alpine_NY_14805_M93684-87294?from=srp-list-card,4,3,"3,854",5
The Corcoran Group - Bridgehampton,Sale,"$55,000,000",https://www.realtor.com/realestateandhomes-detail/121-Further-Ln_East-Hampton_NY_11937_M94973-87740?from=srp-list-card,10,9.5+,"8,500",7.15
Corcoran East Side,Sale,"$589,000",https://www.realtor.com/realestateandhomes-detail/205-E-63rd-St-Apt-20E_New-York_NY_10065_M96882-72528?from=srp-list-card,2,2,,
Keller Williams Realty Gateway,Sale,"$124,900",https://www.realtor.com/realestateandhomes-detail/6-High-Gate-Trl-Apt-5_Fairport_NY_14450_M40792-51872?from=srp-list-card,2,1.5,"1,050","3,049"
Ridgeline Realty Group,Sale,"$132,000",https://www.realtor.com/realestateandhomes-detail/7-Tioga-Ln_Plattsburgh_NY_12901_M44646-68204?from=srp-list-card,3,1.5,"1,537",0.23
Reliable Properties,Sale,"$99,000",https://www.realtor.com/realestateandhomes-detail/239-Pinehurst-Ave_Rensselaer_NY_12144_M94919-38420?from=srp-list-card,2,1,660,"4,792"
Weichert Realtors Fontaine & Associates,Sale,"$250,000",https://www.realtor.com/realestateandhomes-detail/80-Johns-Jog_Coxsackie_NY_12501_M99384-26386?from=srp-list-card,3,1.5,"1,152",0.84
Realty Connect Usa L I Inc,Sale,"$579,900",https://www.realtor.com/realestateandhomes-detail/4-Fowler-Ln_Mount-Sinai_NY_11766_M40038-30284?from=srp-list-card,5,2,"2,489",0.35
COMPASS GREATER NY LLC ML,Sale,"$25,000,000",https://www.realtor.com/realestateandhomes-detail/461-Silvernails-Rd_Pine-Plains_NY_12567_M37945-23808?from=srp-list-card,4,4.5,"7,500",127.85
Julia B. Fee Sotheby's International Realty,Sale,"$6,995,000",https://www.realtor.com/realestateandhomes-detail/11-Carriage-Trl_Tarrytown_NY_10591_M91310-68033?from=srp-list-card,6,7.5+,"15,456",5.56
Houlihan Lawrence,Sale,"$7,275,000",https://www.realtor.com/realestateandhomes-detail/11-Murray-Hill-Rd_Scarsdale_NY_10583_M93855-54402?from=srp-list-card,7,7.5+,"10,566",1.59
ZECK - Zeckendorf Marketing LLC,Sale,"$39,950,000",https://www.realtor.com/realestateandhomes-detail/50-United-Nations-Plz-Dph42_New-York_NY_10017_M90215-53137?from=srp-list-card,7,7.5,"9,704",
OXM Realty Group LLC,Sale,"$347,000",https://www.realtor.com/realestateandhomes-detail/1400-Route-44_Pleasant-Valley_NY_12569_M96459-10923?from=srp-list-card,2,2.5,"1,772",0.61
HOULIHAN LAWRENCE - LaGrangeville,Sale,"$750,000",https://www.realtor.com/realestateandhomes-detail/14-Masters-Pl_Beacon_NY_12508_M42172-77283?from=srp-list-card,4,3,"2,228","4,792"
Upper Delaware Real Estate,Sale,"$279,000",https://www.realtor.com/realestateandhomes-detail/118-S-Shore-Rd_Hancock_NY_13783_M91027-34890?from=srp-list-card,1,1,427,0.25
The Corcoran Group - East Hampton,Sale,"$7,295,000",https://www.realtor.com/realestateandhomes-detail/Sagaponack_NY_11962_M92139-20797?from=srp-list-card,8,6.5+,"7,236",2.15
Built by Toll Brothers,Sale,"$1,275,000",https://www.realtor.com/realestateandhomes-detail/The-Rockwell-4B_New-York_NY_10025_M92177-64545,1,1,706,
Hunt Real Estate Era,Sale,"$899,000",https://www.realtor.com/realestateandhomes-detail/0-Vl-Luther-Rd_Aurora_NY_13026_M91337-74845?from=srp-list-card,4,2.5,,2.5
Built by Toll Brothers,Sale,"$2,480,995",https://www.realtor.com/realestateandhomes-detail/3-Sienna-Ct_Dix-Hills_NY_11746_M98296-16390,4,4.5,"4,574",
East Coast REALTORS Inc,Sale,"$478,000",https://www.realtor.com/realestateandhomes-detail/1-Kensington-Gate-Apt-317_Great-Neck_NY_11021_M93436-15054?from=srp-list-card,2,2.5,,
Gadway Realty,Sale,"$329,999",https://www.realtor.com/realestateandhomes-detail/182-Jerry-Savarie-Rd_Indian-Lake_NY_12842_M91740-12590?from=srp-list-card,3,1,"1,600","9,583"
Built by Toll Brothers,Sale,"$2,445,000",https://www.realtor.com/realestateandhomes-detail/The-Rockwell-7C_New-York_NY_10025_M94940-95436,2,2,"1,246",
Gadway Realty,,"$145,000",https://www.realtor.com/realestateandhomes-detail/117-Hayes-Ln_Indian-Lake_NY_12842_M93820-90160?from=srp-list-card,3,1,"1,416",0.9
Coldwell Banker Timberland Properties,Sale,"$29,000",https://www.realtor.com/realestateandhomes-detail/228-Turkey-Ln_Hobart_NY_13788_M91044-08622?from=srp-list-card,,,,5.02
CENTURY 21 Alliance Realty Group,Sale,"$559,000",https://www.realtor.com/realestateandhomes-detail/685-Whitley-Ln_Highland_NY_12528_M47917-83909?from=srp-list-card,3,2.5,"2,240",1.39
Howard Hanna - Rochester Main,Sale,"$139,900",https://www.realtor.com/realestateandhomes-detail/40-Greenway-Blvd_Churchville_NY_14428_M44287-22741?from=srp-list-card,2,1,924,"1,307"
Built by Toll Brothers,Sale,"$2,645,000",https://www.realtor.com/realestateandhomes-detail/The-Rockwell-4E_New-York_NY_10025_M91550-24494,2,2,"1,400",
All In 1 Realty Services Llc,Sale,"$2,940,000",https://www.realtor.com/realestateandhomes-detail/380-382-Lape-Rd_Nassau_NY_12123_M91079-85764?from=srp-list-card,6,3.5+,"4,477",104.22
Built by Toll Brothers,Sale,"$785,045",https://www.realtor.com/realestateandhomes-detail/139-Placid-Cir-114_Wappingers-Falls_NY_12590_M95706-93836,3,2.5,"2,517",
Homes Realty Of Northern New York,Sale,"$220,000",https://www.realtor.com/realestateandhomes-detail/7504-S-State-St_Lowville_NY_13367_M99305-43859?from=srp-list-card,4,3,"4,300","3,690"
New Paltz Properties,Sale,"$429,000",https://www.realtor.com/realestateandhomes-detail/123-Route-208_New-Paltz_NY_12561_M93774-28673?from=srp-list-card,4,2,"1,742",1.8
Gallo Realty ADK Inc.,Sale,"$950,000",https://www.realtor.com/realestateandhomes-detail/1904-NY-74_Ticonderoga_NY_12883_M95971-26048?from=srp-list-card,2,1,912,4
Malek Properties,Sale,"$299,000",https://www.realtor.com/realestateandhomes-detail/146-Gabriel-Rd_Smallwood_NY_12778_M96976-95238?from=srp-list-card,2,1,750,0.48
Plumley Real Estate LLC,Sale,"$129,900",https://www.realtor.com/realestateandhomes-detail/1006-State-Highway-345_Potsdam_NY_13676_M37092-32951?from=srp-list-card,3,1.5,"1,200",1
"Apaus, Inc",Sale,"$224,900",https://www.realtor.com/realestateandhomes-detail/30-Betsy-Ross-Dr_Bohemia_NY_11716_M91171-69142?from=srp-list-card,3,2,"1,340",
Howard Hanna Rand Realty,Sale,"$669,900",https://www.realtor.com/realestateandhomes-detail/154-Maverick-Rd_Hurley_NY_12443_M95600-27619?from=srp-list-card,3,2,"1,510",1.37
Bridgeview Real Estate Services,,"$75,000",https://www.realtor.com/realestateandhomes-detail/Lot-5R-Silver-Shore-Dr-S-Lot-83_Sackets-Harbor_NY_13685_M98035-32731?from=srp-list-card,,,,436
Gallo Realty ADK Inc.,Sale,"$329,000",https://www.realtor.com/realestateandhomes-detail/9-Pine-Ln_Adirondack_NY_12808_M98286-37931?from=srp-list-card,2,2,"1,327",0.64
HUNT Real Estate ERA - Williamsville Village,,"$569,900",https://www.realtor.com/realestateandhomes-detail/87-Woods-Rd-The-Woods_Ellicottville_NY_14731_M93787-06832?from=srp-list-card,3,2.5,"1,700","1,266"
Signature Premier Properties,Sale,"$799,000",https://www.realtor.com/realestateandhomes-detail/2062-Montauk-Hwy-28_Amagansett_NY_11930_M90085-35053?from=srp-list-card,2,2,,
Garlock Realty,Sale,"$850,000",https://www.realtor.com/realestateandhomes-detail/48250-E-Mary-Is_Alexandria-Bay_NY_13607_M97493-16703?from=srp-list-card,4,2,"1,668",1.52
RE/MAX Hometown Choice,Sale,"$89,900",https://www.realtor.com/realestateandhomes-detail/5118-E-Lake-Rd-Apt-8_Livonia_NY_14487_M94349-00886?from=srp-list-card,1,1,491,
Howard Hanna Elmira Residential,Sale,"$269,900",https://www.realtor.com/realestateandhomes-detail/98-100-Decker-Pkwy-W_Elmira_NY_14905_M96409-21546?from=srp-list-card,4,2.5,"2,709",0.57
Keller Williams Realty Greater Rochester,Sale,"$60,000",https://www.realtor.com/realestateandhomes-detail/43-Rome-Ln_Ontario_NY_14519_M98694-18296?from=srp-list-card,3,2,"1,200",
Keller Williams Realty NYC Grp,Sale,"$110,000",https://www.realtor.com/realestateandhomes-detail/424-E-115th-St-Apt-3A_New-York_NY_10029_M93148-15049?from=srp-list-card,Studio,1,200,
Keller Williams Realty Hudson,,"$85,000",https://www.realtor.com/realestateandhomes-detail/684-Cape-Horn-Rd_Gilboa_NY_12076_M95273-84177?from=srp-list-card,4,2,"1,848",10.2
Rome Rsa Realty Enterprises Llc,Sale,"$249,900",https://www.realtor.com/realestateandhomes-detail/204-N-School-St-1_Carthage_NY_13619_M91736-48714?from=srp-list-card,5,2.5,"2,420","5,214"
Five Corners Properties,Sale,"$180,000",https://www.realtor.com/realestateandhomes-detail/485-Bronx-River-Rd-Apt-A60_Yonkers_NY_10704_M92614-97181?from=srp-list-card,2,1,"1,000",
Corcoran Country Living,Sale,"$650,000",https://www.realtor.com/realestateandhomes-detail/161-Sharon-Rd_Millerton_NY_12546_M99584-29393?from=srp-list-card,3,2,"2,556",9.2
OXFORD PROPERTY GROUP USA,Sale,"$995,000",https://www.realtor.com/realestateandhomes-detail/1563-12-Division-St_West-Charlton_NY_12010_M91955-06115?from=srp-list-card,6,3.5,"3,734",46.13
Citadel Circle Realty,Sale,"$639,999",https://www.realtor.com/realestateandhomes-detail/119-56-177th_Saint-Albans_NY_11412_M94343-49044?from=srp-list-card,3,2,,"4,000"
The Corcoran Group - Bridgehampton,Sale,"$3,500,000",https://www.realtor.com/realestateandhomes-detail/126-Schellinger-Rd_Amagansett_NY_11930_M92605-31997?from=srp-list-card,4,3,"2,500",0.56
ERA Insite Realty Services,Sale,"$240,000",https://www.realtor.com/realestateandhomes-detail/7-Dove-Ct-Apt-M_Croton-on-Hudson_NY_10520_M90546-62118?from=srp-list-card,2,1,"1,100",
Signature Properties-H.H.,Sale,"$388,000",https://www.realtor.com/realestateandhomes-detail/5997-State-Route-14_Rock-Stream_NY_14878_M91042-45444?from=srp-list-card,1,1,384,25
Howard Hanna Camillus,,"$314,900",https://www.realtor.com/realestateandhomes-detail/2602-W-Seneca-Tpke_Marcellus_NY_13108_M92985-49962?from=srp-list-card,4,2.5,"2,352",0.98
Houlihan Lawrence,Sale,"$1,625,000",https://www.realtor.com/realestateandhomes-detail/18-Castle-Walk_Scarsdale_NY_10583_M99878-76576?from=srp-list-card,6,5.5,"4,689",0.53
Integrated Real Estate Ser LLC,Sale,"$185,000",https://www.realtor.com/realestateandhomes-detail/Jordan_NY_13080_M96130-40278?from=srp-list-card,,,,29
Built by Toll Brothers,Sale,"$3,548,995",https://www.realtor.com/realestateandhomes-detail/1-Sequoia-Cir_Manhasset_NY_11030_M92991-94283,4,4.5,"3,846",
CENTURY 21 Alliance Realty Group,Sale,"$80,000",https://www.realtor.com/realestateandhomes-detail/1094-Route-9_Fishkill_NY_12524_M96803-78248?from=srp-list-card,3,2,"1,000",
Coldwell Banker American Homes,Sale,"$775,000",https://www.realtor.com/realestateandhomes-detail/160-Middle-Neck-Rd-Apt-6D_Great-Neck_NY_11021_M97493-97331?from=srp-list-card,3,3,,
Douglas Elliman - Mattituck,Sale,"$825,000",https://www.realtor.com/realestateandhomes-detail/415-West-Ln_Aquebogue_NY_11931_M97824-01530?from=srp-list-card,3,2,"1,620",1.15
Hollingsworth Real Estate Grou,Sale,"$30,000",https://www.realtor.com/realestateandhomes-detail/10-Macks-Ln_Narrowsburg_NY_12764_M91971-12564?from=srp-list-card,2,1,"1,152",0.58
CENTURY 21 Galloway Realty,,"$119,900",https://www.realtor.com/realestateandhomes-detail/15053-W-Creek-Rd_Sterling_NY_13156_M90472-88412?from=srp-list-card,,,,2.26
RESORT REALTY,Sale,"$75,000",https://www.realtor.com/realestateandhomes-detail/120-F-Smith-Rd_Napanoch_NY_12458_M95078-78605?from=srp-list-card,3,2,980,1.68
Stack-Page Properties Llc,,"$225,000",https://www.realtor.com/realestateandhomes-detail/107-County-Highway-57_Cherry-Valley_NY_13320_M95864-87431?from=srp-list-card,2,2,"2,630",0.67
Gabler Realty,Sale,"$199,900",https://www.realtor.com/realestateandhomes-detail/262-Steele-Ave_Johnstown_NY_12095_M95051-54542?from=srp-list-card,5,2.5,"2,500",0.96
Coldwell Banker Village Green Realty,Sale,"$995,000",https://www.realtor.com/realestateandhomes-detail/2-W-Ohayo-Mountain-Rd_Bearsville_NY_12409_M93450-28564?from=srp-list-card,2,2,"1,874",3
Howard Hanna Arcade,Sale,"$199,900",https://www.realtor.com/realestateandhomes-detail/8142A-County-Road-49-A_Caneadea_NY_14717_M93708-17914?from=srp-list-card,2,1,934,0.51
ANNE LAFFERTY REALTY,Sale,"$169,000",https://www.realtor.com/realestateandhomes-detail/800-County-Road-45_Earlton_NY_12058_M94671-25564?from=srp-list-card,3,3,"1,868",3.64
Sunset 3 Realty,Sale,"$69,693",https://www.realtor.com/realestateandhomes-detail/6A-Johns-Ln_Aquebogue_NY_11931_M92789-43008?from=srp-list-card,2,1,,"1,200"
Say Real Estate,Sale,"$299,000",https://www.realtor.com/realestateandhomes-detail/3528-County-Route-26_Loon-Lake_NY_12989_M96667-41182?from=srp-list-card,2,2,"1,400",7.08
Kavanaugh Realty-Plattsburgh,,"$150,000",https://www.realtor.com/realestateandhomes-detail/1267-Wharf-Way_Peru_NY_12972_M92682-27890?from=srp-list-card,10,5,"1,000",1.88
Field Realty,Sale,"$55,000",https://www.realtor.com/realestateandhomes-detail/978-Us-Rt-20-Unit-4_New-Lebanon_NY_12125_M90562-30791?from=srp-list-card,3,2,,
"Benn Realty, LLC (Rome)",Sale,"$149,900",https://www.realtor.com/realestateandhomes-detail/227-29-Church-St-Unit-29_Herkimer_NY_13350_M96582-57365?from=srp-list-card,3,2.5+,"2,854","7,022"
ReAttached,Sale,"$320,000",https://www.realtor.com/realestateandhomes-detail/1-River-View-Pl_Newburgh_NY_12550_M92712-67465?from=srp-list-card,5,2,"3,752","8,712"
Elite Realty of USA Inc,Sale,"$1,199,990",https://www.realtor.com/realestateandhomes-detail/11933-166th-St_Jamaica_NY_11434_M98996-26515?from=srp-list-card,6,5,"2,096","3,000"
Blue Island Homes NY LLC,Sale,"$429,000",https://www.realtor.com/realestateandhomes-detail/711-Montauk-Ct-Apt-6G_Brooklyn_NY_11235_M98472-00680?from=srp-list-card,3,1,,
Keller Williams Realty Greater Nassau,Sale,"$698,000",https://www.realtor.com/realestateandhomes-detail/65-Foster-Ave_Valley-Stream_NY_11580_M42938-74997?from=srp-list-card,4,2,,"4,500"
Riordan Realty,Sale,"$79,900",https://www.realtor.com/realestateandhomes-detail/1848-Sloan-Dr_Port-Byron_NY_13140_M97923-75873?from=srp-list-card,2,1,820,
Keller Williams Realty Hudson Valley North,Sale,"$115,000",https://www.realtor.com/realestateandhomes-detail/39-Ohio-St_Esopus_NY_12417_M96375-67527?from=srp-list-card,2,2,"1,008","4,356"
CENTURY 21 Galloway Realty,Sale,"$364,750",https://www.realtor.com/realestateandhomes-detail/176-Oconnor-Rd_Oswego_NY_13126_M32723-34072?from=srp-list-card,2,2,"1,546",14.11
Brown Harris Stevens (Westhampton Beach),Sale,"$6,500,000",https://www.realtor.com/realestateandhomes-detail/443-Sail-Walk_Sayville_NY_11782_M90924-80216?from=srp-list-card,3,2.5,"2,100","7,841"
Fitch Real Estate,Sale,"$279,900",https://www.realtor.com/realestateandhomes-detail/712-County-Route-49_Cossayuna_NY_12834_M95693-06484?from=srp-list-card,3,2,"1,792",1
Cross Country Realty,Sale,"$325,000",https://www.realtor.com/realestateandhomes-detail/7914-Rockaway-Beach-Blvd_Far-Rockaway_NY_11693_M99513-15112?from=srp-list-card,2,1,,
Bradley And Bradley Real Estate,Sale,"$189,000",https://www.realtor.com/realestateandhomes-detail/8767-Nys-Rt-365-Ns_Floyd_NY_13440_M93692-59300?from=srp-list-card,5,2,"1,760",1.21
KELLER WILLIAMS REALTY LANDMARK II,Sale,"$80,000",https://www.realtor.com/realestateandhomes-detail/8900-170th-St-Apt-7E_Jamaica_NY_11432_M91486-04703?from=srp-list-card,Studio,1,,
Bridgeview Real Estate Services,Sale,"$35,000",https://www.realtor.com/realestateandhomes-detail/17747-US-Route-11-Lot-14P_Watertown_NY_13601_M91144-87011?from=srp-list-card,2,1,960,
"Julie & Co Realty, Llc",Sale,"$259,000",https://www.realtor.com/realestateandhomes-detail/29-E-Grand-St_Palatine-Bridge_NY_13428_M95088-41371?from=srp-list-card,3,2,"1,958",0.7
Heritage Realty Of Central New York,Sale,"$6,000",https://www.realtor.com/realestateandhomes-detail/2177-323-I-Clute_Cortland_NY_13045_M95291-63530?from=srp-list-card,2,1,689,
ADK Realty,Sale,"$175,000",https://www.realtor.com/realestateandhomes-detail/3132-State-Highway-10_Caroga-Lake_NY_12032_M94854-39613?from=srp-list-card,3,1,"1,650",1
Berkshire Hathaway Blake,Sale,"$6,900,000",https://www.realtor.com/realestateandhomes-detail/27-Antigua-Rd_Lake-George_NY_12845_M99616-02909?from=srp-list-card,16,17.5+,"4,708",1.67
Lacy Realty,Sale,"$360,000",https://www.realtor.com/realestateandhomes-detail/71D-Young-Rd_Hammond_NY_13646_M96483-13615?from=srp-list-card,2,1,"1,500",32.9
The Corcoran Group - Southampton,,"$695,000",https://www.realtor.com/realestateandhomes-detail/726-Brick-Kiln-Rd_Sag-Harbor_NY_11963_M92810-33704?from=srp-list-card,2,3,"1,100",
